id,question
0,How do I make sure I'm positioning my hands correctly in a high plank for a proper push-up?
0,What muscles will I be targeting if I do push-ups on a daily basis?
0,Is it okay to do push-ups with my hands closer together or spread wide apart?
0,Can I adjust the angle of my body during the push-up to target different muscle groups?
0,What are some common mistakes I should avoid when performing push-ups for the first time?
1,What is the correct stance for performing Squats?
1,How low should I go when doing Squats?
1,"Can I use any type of equipment for Squats, or do I need to rely on my own body weight?"
1,What muscle groups am I targeting with this exercise?
1,Is it normal to feel a burn in my glutes after doing Squats?
2,How do I achieve a straight body line during the plank hold?
2,What is the proper position for my elbows during this exercise?
2,Are there any modifications I can make if I find the regular plank too challenging?
2,Should I engage my Transverse Abdominis muscle throughout the entire hold?
2,Is it normal for my body to start shaking or trembling during the plank hold?
3,How do I properly bend my hips and knees to grasp the barbell in a deadlift?
3,What is the correct starting position for my feet in a deadlift exercise?
3,How do I engage my glutes to lift the barbell in a deadlift?
3,Is it necessary to lift the barbell with both hands simultaneously in a deadlift?
3,Can I modify the deadlift exercise to make it easier for upper body strength building?
4,How do I properly hold the dumbbells during the Bicep Curl exercise?
4,What is the correct starting position for Bicep Curls to avoid injury or strain?
4,How many sets and reps of Bicep Curls should I aim for in my workout?
4,"Can you describe the proper curling motion for Bicep Curls, including how to keep the elbows close to my torso?"
4,Are there any modifications or alternatives to the traditional Bicep Curl exercise that I can use if I'm a beginner or have mobility issues?
5,What's the best way to swing the kettlebell to engage my glutes and hamstrings?
5,What are the foot positions that I should maintain during the exercise?
5,Can I use a heavier kettlebell to increase the intensity of the workout?
5,"Does this exercise work my shoulders equally, or do I need to focus on another exercise?"
5,How do I adjust my body position to ensure I'm targeting my core effectively?
6,Can I perform the Shoulder Press exercise with lighter or heavier dumbbells if I'm a beginner/advanced user?
6,How do I hold the dumbbells correctly for the Shoulder Press exercise?
6,Should I aim to press the dumbbells all the way overhead or stop at a certain angle for the Shoulder Press exercise?
6,Can I perform the Shoulder Press exercise with my arms slightly wider apart or closer together for a different emphasis on the muscle groups?
6,Are there any specific breathing techniques I should use while performing the Shoulder Press exercise for proper form?
7,How do I properly sit at the lat pulldown machine to get the most out of the exercise and avoid injury?
7,Should I adjust the grip of the bar to a wider or narrower position to work my lats effectively?
7,Can I use a mixed grip or do I need to use the same grip for both hands when performing the lat pulldown?
7,"What is the correct motion to return the bar to the starting position, and should I do it slowly or quickly?"
7,"Are there any specific muscles other than the lats and biceps that I'm engaging while performing the lat pulldown, and can I feel them contracting?"
8,Can I do this exercise if I have a knee injury and cannot bend my knee
8,What is the ideal distance of the bench or step from my standing position
8,Will this exercise work both hamstrings or just one of them
8,Can I hold my breath during the exercise to increase the stretch
8,Is it possible to use a resistance band or make it more challenging in any way
9,What is the primary muscle group worked in Jumping Jacks?
9,Can I adjust the intensity of Jumping Jacks to suit my fitness level?
9,Are there any specific warm-up or cool-down exercises that I should do before and after Jumping Jacks?
9,Can I perform Jumping Jacks on uneven or slippery surfaces?
9,How do I modify Jumping Jacks to make it more challenging or to target specific muscle groups?
10,"How do I properly position the barbell when lying flat on the bench for a Bench Press exercise, considering the involvement of Pectorals, Triceps, and Deltoids?"
10,I'm struggling to lower the bar to my chest during the Bench Press exercise. What could be the main cause of this difficulty?
10,"What is the optimal grip width for a Barbell Bench Press exercise to effectively engage the Pectorals, Triceps, and Deltoids?"
10,"Can you provide guidance on the correct form to maintain during a Barbell Bench Press, particularly in the lowering and pushing phases?"
10,"Is there a way to increase the effectiveness of the Bench Press exercise for strengthening my Pectorals, Triceps, and Deltoids, and if so, what methods can I try?"
11,"What is the primary body part targeted by this exercise, as I want to focus on my lower body?"
11,Can I do lunges without any additional equipment since it's listed as bodyweight?
11,"How do Ienguages with one leg lower my hips until both knees are bent at a 90-degree angle, as I'm worried about proper form?"
11,"Does this exercise primarily activate the quadriceps, glutes, and hamstrings, or are there other muscles being targeted, as I'd like to know the primary movers?"
11,"Since this exercise is classified as a strength exercise, will it help me improve my overall lower body strength?"
12,What is the correct grip to hold while doing pull-ups?
12,What benefits will I get from working out my latissimus dorsi and biceps during pull-ups?
12,How do I adjust my form to engage my biceps effectively during this exercise?
12,"What kind of pull-up bar is recommended for this exercise, and where can I find one?"
12,"How many pull-ups is a good number to aim for as a beginner, and what's a common goal for more advanced individuals?"
13,What are the best ways to modify Mountain Climbers if I'm new to exercise?
13,Can I increase the intensity of Mountain Climbers for a more effective workout?
13,Do I need to engage my core muscles to perform Mountain Climbers correctly?
13,Can I use Mountain Climbers as a warm-up exercise before strength training?
13,How can I track my progress and measure the effectiveness of Mountain Climbers?
14,What is the starting position for the Leg Raises exercise?
14,How high should I lift my legs during the exercise?
14,Are there any specific muscle groups worked by this exercise?
14,Can I modify the Leg Raises exercise for beginners?
14,Is it okay to perform Leg Raises on a soft surface like a yoga mat?
15,How far should I bend my elbows when lowering my body during Tricep Dips?
15,Can I use my feet to push off the floor to complete the exercise?
15,Are Tricep Dips an effective way to build upper body strength?
15,Can I do Tricep Dips on a stability ball for an added challenge?
15,How many times should I repeat the movement for a good workout?
16,What is the correct posture to maintain while performing the Russian Twist exercise?
16,How do I engage my core muscles effectively while doing this exercise?
16,Can I perform Russian Twists with my arms straight or do I need to bend them?
16,What is the target muscle group for this exercise and how do I ensure I'm targeting it correctly?
16,Is it necessary to tap the floor with my hands while performing the twist or can I modify the exercise to avoid this movement?
17,What is the starting position for this exercise?
17,How do I engage my core during burpees?
17,Can I modify the burpee to reduce the impact on my joints?
17,What muscles are primarily working when performing burpees?
17,Is there a specific way to kick my feet back into a plank position during a burpee?
18,How do I properly bend at the waist when performing Dumbbell Rows to maintain a straight back?
18,What is the target muscle group that I should focus on feeling the contraction during this exercise?
18,Can I adjust the weight of the dumbbells based on my fitness level and goals for this exercise?
18,Should I rest for a specific amount of time between sets of Dumbbell Rows to allow for proper recovery?
18,Are there any common mistakes that I should avoid when performing Dumbbell Rows to prevent injury?
19,What is the correct starting position for this exercise to target my quadriceps?
19,Can I use a heavier kettlebell if I'm a strong lifter?
19,How do I adjust the goblet squat to engage my hamstrings more?
19,"Is it appropriate to perform slow and controlled movements with this exercise, or should I quicken my pace?"
19,Can I hold the kettlebell with both hands if I'm not comfortable holding it with one hand at chest level?
20,How do I properly position my hips during the glute bridge exercise to engage my glutes effectively?
20,What is the ideal height to lift my hips to during this exercise to avoid strain on my lower back?
20,Are there any variations of the glute bridge exercise that can be modified to make it more challenging for advanced users?
20,Does this exercise work primarily for glute strength or does it also engage my hamstrings?
20,Can you provide a tip to correct my form if I find my hips sagging towards the floor during the exercise?
21,What is the correct way to hold the dumbbell for the Overhead Tricep Extension exercise?
21,Do I need to lift the dumbbell with my feet or can I use my hands?
21,How do I ensure I'm targeting the triceps muscle group effectively during this exercise?
21,Can I modify the exercise to increase the difficulty by using heavier dumbbells?
21,Should I prioritize proper form over speed when performing the Overhead Tricep Extension?
22,How can I adjust my body position to maintain a straight line from head to heels during this exercise?
22,Is it necessary to have both legs straight during the side plank exercise?
22,Can I modify this exercise to make it more challenging for my shoulders?
22,What should I expect to feel in my obliques during this exercise?
22,Should I breathe normally or control my breathing during the side plank hold?
23,How should I position my elbows during Cable Flyes?
23,Is it better to perform Cable Flyes with a slow and controlled movement or a faster pace?
23,Should I prioritize squeezing my pectorals during the exercise?
23,How do I ensure I'm targeting the correct muscle groups with Cable Flyes?
23,Can I perform Cable Flyes with different grip widths for varying levels of difficulty?
24,How high should I step up on the bench or box for Step-Ups?
24,Can I use a chair or bench with a lower height for Step-Ups?
24,How many reps and sets should I do for Step-Ups to target my Glutes?
24,"Are there any variations of Step-Ups that engage more muscle groups, such as the Hamstrings?"
24,"Can I do Step-Ups on a decline or incline surface, like stairs, for added challenge?"
25,How do I maintain proper form while performing the Barbell Rows to avoid straining my back?
25,Can I adjust my grip on the barbell during the exercise to target my biceps more?
25,Are there any variations of Barbell Rows that I can try to mix up my workout routine?
25,Why is it important to bend forward at the hips when performing Barbell Rows?
25,Is it better to use a lighter weight or a heavier weight for Barbell Rows to achieve optimal results?
26,How do I correctly position myself on the bench for the Chest Press exercise with dumbbells?
26,What is the proper form for pressing the dumbbells straight up over my chest?
26,Can I lift the dumbbells with arms bent or do I need to keep them straight?
26,Are there any specific precautions I should take when performing this exercise to avoid injury to my shoulders or chest?
26,What are the most common mistakes people make when doing the Chest Press with dumbbells and how can I avoid them?
27,"How do I ensure a safe landing when doing Box Jumps, considering I'm not used to this type of exercise?"
27,"What's the recommended height for the box or bench in this exercise, and how will it affect the overall workout?"
27,"Can I modify this exercise if I have issues with my knees or ankles, such as using a lower box or a different type of jump?"
27,Are there any exercises that can be combined with Box Jumps to create a more challenging and engaging workout?
27,"How many sets and reps are considered a good starting point for beginners, and what's the ideal rest time between sets?"
28,How many times should I lower my legs during one rep of Hanging Leg Raises?
28,What is the recommended height for hanging from the pull-up bar during this exercise?
28,Can I compromise on the degree of leg raise if I'm struggling to reach parallel to the floor?
28,"Is it acceptable to let my legs rest at a 45-degree angle during slow lowering phase, or do I need to take them all the way back down?"
28,"Can I perform this exercise with a wider than shoulder-width grip on the pull-up bar, or does it affect the muscle engagement?"
29,What is the best way to hold the dumbbells during the Farmer's Walk to target my forearms?
29,How can I maintain a straight posture while walking with dumbbells?
29,Are there any specific footwork tips for a Farmer's Walk to reduce the strain on my shoulders?
29,Is it necessary to use heavy dumbbells to effectively work my core during this exercise?
29,Can I modify the Farmer's Walk to accommodate a smaller stride length if I have limited mobility in my legs?
30,How can I properly position my feet on the edge of the step to ensure I'm targeting my calf muscles during the exercise?
30,Can you provide additional guidance on how high I should raise my heels to get the most effective calf raise workout?
30,"Is there a specific way to engage my calf muscles while performing the exercise, or should I focus on slow and controlled movements?"
30,What are the benefits of focusing on calf raises as part of my lower body strength training routine?
30,Are there any modifications or variations to the exercise I can try if I find it too challenging or tedious to perform?
31,What muscle groups do battle ropes primarily engage?
31,How do I hold the ropes for the exercise?
31,What is the main objective of the battle ropes exercise?
31,Can I use battle ropes for a full-body workout?
31,Is battle ropes a good exercise for improving cardiovascular endurance?
32,"What is the recommended weight for the medicine ball for this exercise, taking into account my current fitness level?"
32,How do I ensure I'm using proper form to lift the medicine ball overhead and avoid straining my shoulders?
32,Can I modify the exercise to target my core differently if I find the slam portion too challenging?
32,What is the ideal number of sets and reps for a effective cardio workout using medicine ball slams?
32,How can I avoid getting injured by practicing proper catching techniques?
33,"How can I ensure my form is correct when performing the Dumbbell Deadlift, especially when bending at the hips and knees?"
33,What is the recommended grip style for holding the dumbbells during this exercise?
33,How can I adjust the weight of the dumbbells to target my Glutes and Hamstrings more effectively?
33,Are there any specific warm-up exercises I should do before attempting the Dumbbell Deadlift to prevent injury?
33,Can I use lighter weights and do more repetitions to focus on endurance and hypertrophy instead of pure strength?
34,"Can I do the Push Press with a dumbbell instead of a barbell, and if so, are there any differences in the form I should follow?"
34,"How do I ensure I'm using my legs appropriately to help press the bar overhead, as I'm worried I'm sacrificing proper form?"
34,"What type of grip should I use for the Push Press, and how much pressure should I apply to the barbell with my hands?"
34,"Are there any specific exercises I need to include in my warm-up before attempting the Push Press, given its demanding nature?"
34,"Can I incorporate the Push Press into my lower body workout routine, or is it primarily an upper body exercise?"
35,What is the recommended speed for the Treadmill Run exercise to challenge my endurance?
35,Is the Treadmill Run exercise suitable for upper body strength building?
35,Can I adjust the incline on the treadmill during the exercise?
35,"Does the Treadmill Run exercise engage only the quadriceps muscle group, or are other muscle groups also activated?"
35,Is it recommended to do other exercises besides the Treadmill Run to work on upper body strength?
36,What is the correct position to assume on the bench for the Incline Dumbbell Press exercise? Should I be able to squeeze my pectorals or triceps when in this position?
36,How should I grip the dumbbells to maximize the activation of the pectorals and avoid straining the joints?
36,"Are there any specific pointers for adjusting the incline of the bench to target the pectorals, triceps, and deltoids effectively?"
36,Can I modify this exercise to make it easier or harder for my fitness level?
36,Is it necessary to keep the dumbbells in contact with my chest or can I slightly lift them above my chest during the press?
37,What muscle groups do the Renegade Rows exercise activate?
37,"How do I start the Renegade Rows exercise, is it just a regular plank position?"
37,What's the recommended dumbbell weight for the Renegade Rows exercise?
37,"Can I perform Renegade Rows with a different grip, like neutral or overhand grip?"
37,Are there any modifications or alternatives for the Renegade Rows exercise if I find it too challenging?
38,What is the correct seating position on the leg press machine for this exercise?
38,How should I position my feet on the platform for maximum effectiveness?
38,Can I adjust the weight of the platform during the exercise?
38,Will the leg press machine work multiple muscle groups simultaneously?
38,"Are there any precautions I should take while performing the leg press, particularly with my back and knees?"
39,What is the correct stance for performing the Cable Tricep Pushdown exercise?
39,How should I grip the handle during the exercise?
39,Should I use a cable machine with a fixed or adjustable pulley for this exercise?
39,Can I modify the exercise to target only the lateral head of my triceps?
39,Is it recommended to do Cable Tricep Pushdown as a finisher at the end of my workout or as a primary exercise?
40,How do I properly align my body while performing a Single-Leg Deadlift with dumbbells to avoid injury?
40,How can I effectively engage my hamstrings and glutes during this exercise while minimizing strain on my lower back?
40,What kind of progressive overload can I use to increase the intensity of this exercise beyond just adding more weight?
40,Is it better to start with the weight held in the same hand as the standing leg or in the opposite hand for optimal performance?
40,Can I do Single-Leg Deadlifts on both legs or should I focus on one leg at a time for maximum effectiveness?
41,How can I adjust my body to ensure proper form for an inverted row?
41,What are the benefits of targeting the Latissimus Dorsi muscle group with this exercise?
41,Can I use a resistance band instead of a bar or suspension trainer for this exercise?
41,How can I modify the exercise to make it more challenging for my upper body?
41,What are some common mistakes I should avoid when performing inverted rows?
42,What is the ideal weight setting I should use for the Pallof Press exercise?
42,How do I position myself properly in the cable machine for this exercise?
42,Can I adjust the height of the handle on the cable machine for this exercise?
42,"How do I know if I'm targeting the right muscle groups during this exercise, specifically the obliques and transverse abdominis?"
42,Is it better to focus on slow and controlled movements or quick and intense movements when performing the Pallof Press?
43,How do I properly stand with my feet shoulder-width apart for the Kettlebell Deadlift?
43,Should I bend at my hips or knees first when lifting the kettlebell?
43,"What if I'm not used to deadlifting with a kettlebell, is there a way to adjust the weight?"
43,What is the key focus point for engaging my glutes during this exercise?
43,Is it recommended to incorporate different grips on the kettlebell for the Kettlebell Deadlift?
44,What are the primary muscles activated during the Hanging Knee Tucks exercise?
44,Is it necessary to have a pull-up bar to perform this exercise?
44,How do I avoid straining my Hip Flexors while tucking my knees?
44,Can I modify the exercise if I'm not comfortable holding my own body weight?
44,Will this exercise improve my overall core strength and balance?
45,How do I hold the resistance band for this exercise?
45,Are my arms supposed to be at a 90-degree angle when I do this exercise?
45,Can I adjust the tension of the resistance band without having to re-rap it around the anchor?
45,"What specific muscles are targeted during this exercise, apart from the rear deltoids, trapezius, and rhomboids?"
45,Should I go slow and controlled or fast and explosive when pulling the band apart?
46,"How do I engage my glutes effectively during Bulgarian Split Squats, given that they are a primary muscle group being worked?"
46,Why do I need to lower my hips until my front thigh is parallel to the floor during Bulgarian Split Squats?
46,Can I modify the exercise to make it easier if I'm new to lunges or feel uncomfortable with the range of motion?
46,"What stance should I use when performing Bulgarian Split Squats, especially in terms of foot positioning and alignment?"
46,"For optimal results, do I need to do more sets or reps of Bulgarian Split Squats compared to other exercises targeting similar muscle groups?"
47,What type of equipment do I need to perform the Seated Shoulder Press exercise?
47,"Is this exercise suitable for my upper body, specifically my shoulders and triceps?"
47,Should I sit on a flat bench or an incline bench for this exercise?
47,"Can I hold the dumbbells at a different height, such as below shoulder level?"
47,Do I need to lower the dumbbells back down to the starting position slowly or quickly?
48,How do I position my hands for Incline Push-Ups?
48,What's the correct form for lowering my chest towards the surface?
48,Can I modify Incline Push-Ups to reduce the strain on my wrists?
48,Are triceps and deltoids the only muscle groups activated during this exercise?
48,What's the best way to increase the intensity of Incline Push-Ups for advanced fitness levels?
49,"What is the best way to position the barbell on my body during Hip Thrusts, considering I'm not used to using a barbell?"
49,"Can I do Hip Thrusts with dumbbells instead of a barbell, is it a good substitute?"
49,Are there any specific muscle groups that I should focus on to engage effectively during this exercise?
49,"Should I feel any pressure on my lower back when doing Hip Thrusts, and if so, is it normal?"
49,"How many sets and reps should I aim for in my first workout, considering my fitness level and goals for this exercise?"
50,What is the correct grip to hold the barbell for a Barbell Curl?
50,How wide should my stance be for better form during this exercise?
50,"Can I adjust the weight as I get stronger, or is it best to increase the load all at once?"
50,How many repetitions and sets should I aim for during a workout routine?
50,"Is it safe to use a different grip variation, such as a neutral grip, for a Barbell Curl?"
51,How do I properly set up at the cable row machine to ensure I'm targeting my Latissimus Dorsi muscle?
51,What is the ideal posture for my back while performing a cable row to avoid any strain or discomfort?
51,How do I control the speed of the movement while pulling the handle towards my torso?
51,Are there any specific variations of the cable row exercise that can help target my Biceps more effectively?
51,Is it necessary to use both arms simultaneously while performing a cable row or is it okay to alternate arms?
52,Can I modify the Plank Shoulder Taps if I have shoulder issues?
52,How many times should I tap each shoulder in a single set?
52,Is it okay to bend my knees slightly to reduce the strain on my core?
52,Should I focus on slow and controlled movements or quick and rapid taps?
52,Can I perform Plank Shoulder Taps in a diagonal direction instead of just side to side?
53,What is the correct starting position for the Dumbbell Lateral Raise exercise?
53,How high should I raise my arms during this exercise?
53,What muscle groups will I be targeting with this exercise?
53,Are there any specific dumbbell weights or sizes that you recommend for this exercise?
53,Can I do this exercise with both arms at the same time or should I alternate?
54,"How do I position my feet for a proper wall sit stance, as it affects the activation of my quadriceps and glutes?"
54,"Can I perform wall sits on a slanted surface, or do I need to find a wall with a flat surface to get the most out of the exercise?"
54,"What is the maximum time I should hold a wall sit for, to avoid fatigue and minimize the risk of injury?"
54,Are there any modifications I can make to the exercise to adapt it for people with knee problems or mobility issues?
54,"How do I ensure I'm engaging my glutes effectively during the wall sit, as I want to target them specifically without compromising form?"
55,What muscles are being targeted in Spider Plank?
55,How do I maintain proper form during this exercise?
55,Can I only bring one knee to the outside of my elbow and then pause before switching sides?
55,Is it common for beginners to feel fatigue in their core during this exercise?
55,Can I modify Spider Plank by bringing both knees to the outside of my elbows instead of alternating sides?
56,"How do I position my hands while performing the Sumo Deadlift, considering they need to be inside my knees?"
56,"What is the ideal toe direction for a Sumo Deadlift, and why is it important?"
56,"Can I use a different type of equipment instead of a barbell, or will it affect the exercise's effectiveness?"
56,Are there any specific exercises or stretches I should do before or after the Sumo Deadlift to avoid injury or improve recovery?
56,"What muscles should I focus on engaging during the exercise to maximize the workout's effect on my glutes, hamstrings, and lower back?"
57,"How should I properly position my legs while doing the Single Arm Dumbbell Row exercise, as it says to place one knee and hand on a bench for support?"
57,What specific muscle groups do I engage when performing the Single Arm Dumbbell Row exercise?
57,Which arm do I use to row the dumbbell towards my torso during the Single Arm Dumbbell Row exercise?
57,"Are there any specific cues I should focus on while performing the Single Arm Dumbbell Row exercise, such as squeezing my lats or keeping my core engaged?"
57,"Would it be beneficial to switch sides while doing the Single Arm Dumbbell Row exercise, or should I stick to the same arm for the full set?"
58,What is the most effective way to generate power for the kettlebell clean in this exercise?
58,How do I ensure proper shoulder alignment during the press phase of this exercise?
58,What are the benefits of targeting my glutes with this exercise in addition to my shoulders and triceps?
58,"Is it possible to adjust the difficulty of this exercise to suit my fitness level, and if so, how?"
58,Can you provide some tips on how to maintain control and prevent dropping the kettlebell while transitioning between the clean and press phases?
59,How do I maintain a steady rhythm while jumping rope?
59,What are the benefits of engaging my shoulders during this exercise?
59,Is it important to jump over the rope with both feet equally?
59,Can I increase the intensity of this exercise?
59,What are some common mistakes to avoid while jumping rope?
60,How do I properly step out to the side during a Side Lunge to engage my Quadriceps and Glutes?
60,Should I keep my back straight or slightly bent while doing a Side Lunge for better form?
60,Can I alternate legs during a set of Side Lunges or should I stick to doing lunges with one leg at a time?
60,"Are Side Lunges effective for strengthening my Adductor muscles, or are there other exercises that target this area better?"
60,"Do I need to keep my front leg straight during a Side Lunge, or can I slightly bend the knee for a different feel?"
61,How do I properly sit at a chest fly machine to perform this exercise?
61,Can I modify the machine chest fly to target my upper chest or only my lower chest?
61,What muscles should I focus on contracting while performing the machine chest fly?
61,How many reps and sets should I aim to do for an effective chest workout?
61,Are there any common mistakes to avoid when performing machine chest fly to prevent injury?
62,How do I properly position myself on the hack squat machine platform to target the quadriceps and glutes effectively?
62,"What are the key differences between a hack squat and a traditional squat, and which one would be more beneficial for my lower body workout?"
62,Are there any specific foot placement techniques that can help me engage my hamstrings more during this exercise?
62,"Can I use the hack squat machine with different weights or resistance levels to challenge myself further, and how will that affect the muscle groups activated?"
62,Is it possible to modify this exercise to make it more challenging for my glutes if I'm feeling like I'm not getting the desired activation?
63,How do I adjust the decline of the push-ups to target my upper chest muscles?
63,"What if I don't have an elevated surface to place my feet, can I use an alternative?"
63,Are decline push-ups more effective than traditional push-ups for building triceps strength?
63,Do I need to maintain proper form to avoid straining my shoulders during decline push-ups?
63,Can I do decline push-ups with my hands closer together or farther apart for a different effect?
64,What muscles do I engage when performing a Band Face Pull exercise?
64,How do I properly attach the resistance band to the anchor for this exercise?
64,Should I use a specific resistance level or tension for this exercise?
64,Can I perform this exercise with my feet shoulder-width apart or is there a specific stance?
64,Is it beneficial to hold the contraction for a longer duration during the exercise?
65,How far should I roll the ab wheel forward to get the most out of this exercise?
65,What is the correct technique for keeping my core tight while rolling the wheel forward?
65,Will working out my Hip Flexors with this exercise also benefit my Rectus Abdominis?
65,Should I focus on slow and controlled movements or quick and explosive rolls?
65,How many repetitions of the rollout are recommended for an effective workout?
66,How many repetitions of Side Leg Raises should I perform for optimal glute engagement?
66,What is the ideal angle for my hips to be at when performing Side Leg Raises?
66,Should I use my core muscles to stabilize my body while performing Side Leg Raises?
66,"Can I perform Side Leg Raises on both sides of my body, or should I focus on one specific side?"
66,How long should I hold each rep of Side Leg Raises before lowering my leg back down?
67,How do I position the barbell correctly before starting the Romanian Deadlift?
67,"What is the target body part that the Romanian Deadlift exercises, considering the muscle groups activated?"
67,Can I use any other type of equipment besides a barbell for this exercise?
67,How do I ensure proper form and technique while lowering and raising the weight?
67,Will the Romanian Deadlift help strengthen my glutes in addition to my hamstrings and lower back?
68,How do I properly hold the dumbbells for the Arnold Press exercise?
68,"Can I use any type of dumbbells for this exercise, or are there specific requirements?"
68,Are there any specific movements I should focus on to effectively target my deltoids?
68,Can I do this exercise with one dumbbell or should I use two?
68,"How do I ensure I'm rotating my arms correctly, as mentioned in the instructions, to avoid injury?"
69,What muscles does the Landmine Press primarily work?
69,How do I anchor the barbell for the Landmine Press exercise?
69,Can I use the Landmine Press for a full workout or is it best for isolated training?
69,Is it necessary to alternate arms during Landmine Press or can I do all reps with one arm?
69,What should I focus on to maintain proper form during the Landmine Press exercise?
70,How do I properly jump up and avoid injury while doing Tuck Jumps?
70,What are the key muscles that are being worked during this exercise?
70,Should I do Tuck Jumps on a swiss ball for extra challenge or is the bodyweight version sufficient?
70,What's the best way to land softly after each jump to minimize impact on my joints?
70,Are there any variations of Tuck Jumps that can be done to make it more challenging or target different muscle groups?
71,What is the primary body part targeted by the Windshield Wipers exercise?
71,What type of movement is required for this exercise?
71,How do I adjust my posture to perform the Windshield Wipers correctly?
71,Can I modify the exercise to make it easier or more challenging?
71,Are there any specific muscle groups that I should focus on engaging during the exercise?
72,What is the correct weight range for this exercise considering my upper body strength level?
72,How many sets and reps of Dumbbell Shrugs should I aim for in a single workout?
72,Can I perform this exercise standing or is it only suitable for sitting?
72,Is my form correct if I'm shrugging my shoulders while keeping my arms straight?
72,Can I modify this exercise for a more effective core engagement?
73,How do I engage my core while performing the Sled Push exercise to avoid back strain?
73,What is the optimal foot position for pushing the weighted sled across the flat surface?
73,"Can I adjust the weight of the sled as I get stronger, or should I switch to a different type of equipment?"
73,Are there any specific shoulder movements I should focus on to target the muscles effectively?
73,Should I maintain a steady pace or alternate between faster and slower pushes to vary the intensity of the exercise?
74,What part of the body does the Cable Bicep Curl exercise primarily target?
74,Is the Cable Bicep Curl considered an upper body exercise?
74,What type of equipment do I need to perform the Cable Bicep Curl?
74,How do I properly curl the handle during the exercise?
74,Should I focus on slow and controlled movements or quick and explosive curls?
75,What is the correct form to hold the dumbbells while doing the Dumbbell Kickback exercise?
75,How many sets and reps of Dumbbell Kickback should I aim for in a single workout?
75,"Can I do the Dumbbell Kickback exercise with both my right and left triceps, or should I focus on one arm at a time?"
75,Is it recommended to warm up my upper body before starting the Dumbbell Kickback exercise?
75,"Can I use a lighter weight or higher weight than the one recommended for the Dumbbell Kickback exercise, depending on my fitness level?"
76,What muscle groups are primarily engaged when performing Flutter Kicks?
76,Is Flutter Kicks a good exercise for strengthening my Hip Flexors?
76,Can I modify the Flutter Kicks exercise if I have mobility issues in my legs?
76,How do I ensure I'm using the correct form during Flutter Kicks to avoid injury?
76,Should I start with slow and low kicks and gradually increase the intensity and speed?
77,How high should I drive my knees towards my chest during the High Knees exercise?
77,What if I have knee issues and find it hard to lift my knees high?
77,"Is the High Knees exercise suitable for beginners, or should I start with something easier?"
77,"Do I need to adjust my running pace while doing High Knees, or should I focus on lifting my knees?"
77,How long should I hold each knee lift during the High Knees exercise?
78,How do I properly grip the sledgehammer to ensure I'm targeting the correct muscle groups during Sledgehammer Slams?
78,What type of surface is best to use when performing Sledgehammer Slams to avoid injury and achieve effective results?
78,"Can I modify Sledgehammer Slams to make them more challenging for my glutes and shoulders, and if so, how?"
78,"Should I focus on quick and explosive movements, or slow and controlled movements when performing Sledgehammer Slams for maximum effectiveness?"
78,How can I engage my core muscles more effectively during Sledgehammer Slams to improve my overall power and control?
79,"What is the primary muscle group affected by performing lateral step-ups, and which other muscle groups do they assist in engaging?"
79,Can I substitute a bench or chair for the box or bench mentioned in the instructions for lateral step-ups?
79,"Are lateral step-ups an example of a multi-planar movement, and if so, which planes of motion do they engage?"
79,"How do lateral step-ups address tight or weak glutes, and what are some potential benefits of incorporating them into a leg workout?"
79,"Is it recommended to do lateral step-ups with knees bent or straight, and are there any modifications or variations for individuals with knee issues or injuries?"
80,Is Cable Chest Press suitable for beginners since it requires no prior experience with weightlifting?
80,"What is the recommended height to adjust the cable machine for maximum effectiveness for someone with a height of 5'8""?"
80,"How can I avoid straining my delts while performing the Cable Chest Press, as I've experienced this issue before?"
80,Are there any variations of Cable Chest Press that can challenge my triceps and make the exercise more effective?
80,Should I incorporate the Cable Chest Press in the beginning or end of my workout routine to achieve optimal results?
81,What is the correct grip position for TRX Rows?
81,Can I modify the exercise to focus on my biceps only?
81,How do I ensure I'm pulling my chest towards the handles correctly?
81,Are there any common mistakes to avoid when performing TRX Rows?
81,Can I increase the difficulty of TRX Rows by changing my body position?
82,What is the main muscle group targeted by the Medicine Ball Russian Twists exercise?
82,How many sets and reps of the Medicine Ball Russian Twists should I do for an effective workout?
82,Should I use a medicine ball of a specific weight or size for the Medicine Ball Russian Twists exercise?
82,Can I adjust the Medicine Ball Russian Twists exercise to make it more challenging or targeting the same muscle groups?
82,How should I maintain proper form while performing the Medicine Ball Russian Twists exercise?
83,How do I maintain proper form while performing the Pendlay Row?
83,What is the ideal grip width for the barbell when performing the Pendlay Row?
83,What is the recommended number of sets and reps for a strength training workout using the Pendlay Row?
83,Should I prioritize my upper body workout with the Pendlay Row if I'm trying to focus on building lat strength?
83,"What are the most common mistakes people make while performing the Pendlay Row, and how can I avoid them?"
84,How do I maintain a proper side plank position while performing the Side Plank with Leg Lift exercise?
84,Can I adjust my leg lift to perform a higher or lower lift depending on my fitness goals?
84,Are there any variations or modifications I can make to the Side Plank with Leg Lift exercise to make it more challenging?
84,"What is the primary focus of the Side Plank with Leg Lift exercise, core strength or leg strength?"
84,"Is it safe to perform the Side Plank with Leg Lift exercise with a back issue, or should I consult a doctor or physical therapist before attempting it?"
85,What should I focus on to engage my glutes effectively during a Hip Abduction exercise?
85,How do I position myself correctly on the hip abduction machine to avoid discomfort?
85,What is the ideal foot placement on the machine to get the most out of the exercise?
85,Can I adjust the resistance level on the machine to suit my fitness level?
85,Should I breathe normally or hold my breath while performing the Hip Abduction exercise to maximize the effect?
86,How do I correctly hold the dumbbells for the Dumbbell Front Raise exercise?
86,What is the proper alignment for my arms during the front raise?
86,Are there any specific muscle groups I should focus on engaging for optimal performance?
86,Can I use heavier weights for this exercise if I'm an experienced lifter?
86,How often should I perform the Dumbbell Front Raise as part of my overall upper body workout routine?
87,What kind of grip should I use for Chin-Ups?
87,How do I ensure my form is correct while doing Chin-Ups?
87,Can I substitute Chin-Ups with another exercise if I have limited grip strength?
87,Are there any variations of Chin-Ups that I can try to avoid plateaus?
87,How many sets and reps of Chin-Ups should I aim for in a single workout?
88,How do I adjust the height of the box for a comfortable squat?
88,What is the proper way to hold the barbell when performing the Box Squat?
88,Are there any specific instructions for standing up from the squat position to avoid injury?
88,"Can I use a different type of equipment, such as dumbbells, to perform this exercise?"
88,What are the most important muscle groups to focus on while performing the Box Squat?
89,What is the primary purpose of the Battle Rope Waves exercise in terms of physical activity?
89,Is it a good idea to perform Battle Rope Waves as part of my strength training routine for building upper body muscle?
89,Are there any specific safety precautions I should take when executing the wave movement with the ropes?
89,Can I modify the exercise to make it more challenging or incorporate different variations in my routine?
89,How should I adjust my grip on the ropes to optimize the effectiveness of the exercise and prevent injuries?
90,How do I properly hold the barbell for a Zercher Squat?
90,How much weight should I use when performing this exercise?
90,"Which muscles are primarily targeted by the Zercher Squat, and why is it important to engage them?"
90,"Is there a specific way to lower myself down into the squat position, or can I just let gravity do its thing?"
90,"What are some common mistakes people make when performing the Zercher Squat, and how can I avoid them?"
91,"Can I do walking lunges with uneven legs, having one stronger than the other?"
91,"What if I'm a beginner, are there any modifications I can make to make walking lunges easier?"
91,How many sets and reps should I aim for in a single walking lunges workout?
91,Should I focus on a slow and controlled pace or a faster pace to get the most out of the exercise?
91,How do I target my glutes more effectively while doing walking lunges?
92,How do I properly swing the kettlebell between my legs for a Kettlebell Snatch?
92,Can I use a kettlebell of any weight or is there a recommended range?
92,Will the Kettlebell Snatch help me build stronger glutes or is it more focused on other muscle groups?
92,Should I focus on speed or control when pulling the kettlebell overhead?
92,Is the Kettlebell Snatch a full-body exercise or is it more isolating?
93,How do I properly engage my glutes during this exercise to target the right muscle group?
93,What is the ideal foot placement for my extended leg during the bridge Lift?
93,"Can I do this exercise with both legs at the same time, or is it best done with alternating legs?"
93,Are there any modifications I can make to the exercise if I'm new to squats or find this one challenging?
93,How many sets and reps should I aim for to achieve optimal gains in my glutes and hamstrings?
94,"What is the proper form for performing TRX push-ups to engage my pectorals, triceps, and deltoids effectively?"
94,Can I adjust the TRX height to target specific muscle groups during the exercise?
94,How do I keep my body straight while performing TRX push-ups to maintain proper form?
94,Are there any modifications I can make to TRX push-ups to make them more challenging or suitable for my fitness level?
94,Can I do TRX push-ups with different grip widths or angles to target specific areas of my upper body?
95,How do I properly sit on the leg curl machine to ensure I'm targeting my hamstrings correctly?
95,What is the optimal ROM (range of motion) for the machine leg curl exercise?
95,"Can I adjust the machine to accommodate my leg length, or is there a standard setting?"
95,Do I need to adjust the weight or resistance level depending on the number of repetitions I'm aiming for?
95,How should I pace myself during the exercise to maintain proper form and avoid injury?
96,What is the most important muscle group targeted by the Incline Bench Press exercise?
96,How can I adjust the incline of the bench to target different parts of my pectorals?
96,What is the correct form to use when pressing the bar up and together over my chest?
96,Are there any modifications I can make to the exercise to make it more challenging for my upper body?
96,"Can I perform Incline Bench Press with dumbbells instead of a barbell? If so, what's the difference?"
97,How should I adjust the tension of the resistance band for a Resistance Band Deadlift?
97,What is the ideal stance for performing a Resistance Band Deadlift?
97,Is it necessary to engage my core muscles during a Resistance Band Deadlift?
97,Can I perform the Resistance Band Deadlift with a shorter or longer band than recommended?
97,How should I safely lower the resistance band to the ground after a deadlift?
98,How do I lie correctly on the decline bench to perform the Decline Bench Press?
98,What is the correct grip I should use when holding the barbell for this exercise?
98,Should I use my entire body to lift the barbell or just my upper body?
98,Are there any specific injuries or health conditions I should be aware of before attempting the Decline Bench Press?
98,Can I substitute another exercise for Decline Bench Press if I don't have access to a decline bench or a barbell?
99,Can I use heavy dumbbells for this exercise to get the most out of my quadriceps?
99,Do I need to alternate legs for the step-up portion of the exercise?
99,How many reps and sets is a good starting point for building strength in my glutes and hamstrings?
99,Is it better to step up with the same foot every time or alternate in each rep?
99,Should I hold the dumbbells with both hands or just one while doing the step-up?
100,How do I adjust the cable machine for the Cable Lateral Raise exercise?
100,What is the correct starting position for the Cable Lateral Raise exercise?
100,How high should I raise my arm during the Cable Lateral Raise exercise?
100,Are there any variations of the Cable Lateral Raise exercise I can try?
100,Is the Cable Lateral Raise exercise a good exercise for strengthening my delts?
101,"How do I ensure my hips are lowering to a 90-degree angle, and what are the potential risks if I don't do it correctly?"
101,"Can I modify the reverse lunge if I'm a beginner or have mobility issues, and what are some examples of modifications?"
101,"I'm finding it challenging to balance during the exercise, are there any specific foot placement or engagement techniques to help with stability?"
101,Will performing reverse lunges on my non-dominant leg have a similar effectiveness as doing it on my dominant leg?
101,Are there any specific stretches or cool-down exercises I should do after completing a set of reverse lunges to aid in recovery and prevent soreness?
102,How do I correctly position my legs during toe touches to engage my core muscles effectively?
102,"What are the core muscle groups activated by performing toe touches, and how do they benefit my overall body strength?"
102,"Is it recommended to perform toe touches on a daily basis, or should I space them out to allow my core muscles to recover?"
102,"Can I modify toe touches to make them more challenging for my core, or are there alternative exercises that work similar muscle groups?"
102,"Is it important to focus on proper form and technique when performing toe touches, or can I get away with compromising on my form if I'm short on time?"
103,How do I properly engage the quadriceps muscle while performing the Machine Leg Extension exercise?
103,Can I adjust the weight or resistance level on the machine before starting the exercise?
103,Are there any common mistakes to avoid while doing the Machine Leg Extension exercise?
103,What is the ideal range of motion for the movement of my legs during the exercise?
103,Can I use this exercise as part of a routine to improve my overall lower body strength?
104,"Can you explain how to properly hold the dumbbell for a Dumbbell Pullover, taking into account the muscle groups I want to target?"
104,How can I adjust my form to avoid straining my back while doing a Dumbbell Pullover on a bench?
104,What specific breathing pattern should I follow during a Dumbbell Pullover to optimize my workout?
104,"For effective training, how many sets and reps of Dumbbell Pullover should I aim for in each workout session?"
104,Should I focus on slow and controlled movements or fast and explosive ones during a Dumbbell Pullover to target the Latissimus Dorsi and Triceps?
105,What muscles will I be working on while performing the Barbell Shrug exercise?
105,Should I stand with my feet slightly wider apart or shoulder-width apart while doing the Barbell Shrug?
105,Can I use a different type of equipment instead of a barbell for the Barbell Shrug?
105,Can I modify the Barbell Shrug exercise to make it easier or more challenging?
105,How do I properly lower my shoulders back down after shrugging them towards my ears during the Barbell Shrug?
106,What is the best way to hold the T-bar for a T-Bar Row exercise?
106,"Can I use any type of equipment for this exercise, or is the Barbell the only option?"
106,Will doing T-Bar Rows help me build stronger Latissimus Dorsi muscles?
106,How do I ensure I'm targeting my Biceps correctly while performing this exercise?
106,Can I do T-Bar Rows with my feet shoulder-width apart as described in the instructions?
107,What's the proper stance for the Bulgarian Deadlift?
107,How do I hold the dumbbells during the exercise?
107,Should I keep my core engaged during the movement?
107,Can I modify the exercise to reduce the strain on my lower back?
107,"How do I know I'm targeting the hamstrings, glutes, and lower back effectively?"
108,"How should I keep my extended front leg during the Pistol Squat, considering I'm trying to engage my quadriceps and prevent strain on my knee?"
108,What position should I aim for to get the desired parallel alignment between my thigh and the floor for optimal glute activation?
108,Can I use a chair or bench for additional support or should I aim to do the full bodyweight Pistol Squat?
108,Are there any specific alignment or posture cues I should focus on to properly engage my hamstrings during this exercise?
108,"Can I modify the Pistol Squat to make it more challenging and target different muscle groups, such as the calf muscles?"
109,What is the correct starting position for the Seated Leg Curl exercise?
109,How do I adjust the leg pad on the machine for my height?
109,Can I adjust the weight on the machine to make it easier or harder?
109,Which muscle groups are primarily engaged during the Seated Leg Curl exercise?
109,How do I return to the starting position after completing the curl motion?
110,How do I properly swing the kettlebell between my legs?
110,What is the optimal height I should reach when swinging the kettlebell?
110,How can I engage my core muscles effectively during the exercise?
110,Are there specific techniques to focus on when driving the movement with my hips?
110,Can I adjust the weight of the kettlebell based on my fitness level?
111,"Can I use a different type of dumbbell for this exercise, such as a kettlebell or adjustable dumbbell, or do I need a traditional dumbbell?"
111,"How far should I incline the bench for this exercise, and will adjusting the incline affect the intensity of the workout?"
111,"Are there any specific proper form cues I should focus on during this exercise, such as keeping the dumbbells close to my body or avoiding swinging the weights?"
111,"Should I prioritize slow and controlled movements during the curls, or can I use a bit of momentum to speed up the exercise?"
111,Is it better to do these incline dumbbell curls as a standalone exercise or as part of a larger upper body workout routine?
112,What's the best way to position my body on the decline bench for this exercise?
112,How many repetitions should I aim for in a single set to see significant improvement in my core strength?
112,Can I modify the exercise to make it easier or harder depending on my fitness level?
112,Will my hip flexors be doing more work than my rectus abdominis muscle in this exercise?
112,Is it essential to engage my core throughout the entire exercise to get the most out of it?
113,How long should I hold the side plank position before starting the dipping motion?
113,Are my shoulders tense or relaxed during this exercise?
113,Can I adjust the angle of my body to target my obliques more effectively?
113,Is it okay to use my arms to help lift my hips back up to the starting position?
113,Can I increase the difficulty of this exercise by adding weight or changing the position of my feet?
114,"Can I use my dominant arm for the Single Arm Kettlebell Swing exercise, or should I switch to non-dominant? I want to work on balance."
114,"How do I ensure I'm engaging my core muscles during the swing, as instructed?"
114,What if I find it difficult to lift the kettlebell past my shoulders? Should I start with a lighter weight?
114,Should I swing the kettlebell with my arm straight or slightly bent?
114,Can I perform this exercise with a heavier kettlebell if I'm comfortable with the movement but struggling to lift it?
115,How should I position my feet when performing Jumping Squats to maximize the engagement of my quadriceps?
115,Can I use Jumping Squats as a strength training exercise or is it primarily a cardio exercise?
115,What are the most important cues I should focus on to correctly land during a Jumping Squats exercise?
115,"Will Jumping Squats also work my calves, and if so, to what extent?"
115,Are there any modifications or alternatives I can use if I have mobility issues with my knees or ankles that make it difficult to perform a full Jumping Squats movement?
116,How do I adjust the cable machine to ensure I'm targeting my chest muscles effectively during the Cable Chest Fly?
116,What is the ideal grip width to hold the handles for maximum engagement of my pectorals?
116,Can I perform this exercise for my triceps or are there other tricep exercises I should focus on?
116,Are there any specific posture or alignment cues I should keep in mind when performing the Cable Chest Fly to avoid injury?
116,"Can I increase the intensity of this exercise by adjusting the cable machine or adding more reps, or should I focus on proper form instead?"
117,How do I hold the dumbbell for a safe and proper Dumbbell Tricep Extension?
117,Can I perform Dumbbell Tricep Extension with a heavier dumbbell to increase its effectiveness?
117,Should I focus on slower movements when lowering the dumbbell behind my head to target my triceps?
117,Is it possible to modify Dumbbell Tricep Extension to work other muscle groups in my upper body?
117,Can I perform Dumbbell Tricep Extension with my eyes closed to enhance my concentration and form?
118,What is the correct starting position for the Leg Curl exercise?
118,How should I position my feet on the machine to target the Hamstrings?
118,"Is it necessary to lift the pad all the way up to my glutes, or can I stop earlier?"
118,"Can I use dumbbells or other weights with this exercise, or is it only meant to be done with the machine?"
118,Are there any specific tips or precautions I should take to avoid injury while doing Leg Curl?
119,What muscles are engaged during a One-Arm Push-Up?
119,How do I get into the starting position for a One-Arm Push-Up?
119,Should I lower my body all the way down to the floor or stop somewhere in between?
119,Is it better to do One-Arm Push-Ups one after the other or alternate arms?
119,Can I modify the exercise to make it easier if I'm struggling with the classic version?
120,What specific muscles does the Machine Shoulder Press target and engage?
120,Is the Machine Shoulder Press a compound exercise or an isolation exercise?
120,How do I properly grasp the handles on the shoulder press machine?
120,Can I use gloves or tape to improve my grip while performing the Machine Shoulder Press?
120,"Do I need to warm up before starting the Machine Shoulder Press, and if so, what kind of warm-up exercise is recommended?"
121,"What is the proper alignment for my toes during the Sumo Squat, and why is it important?"
121,"How should I lower my hips to achieve the correct depth in the Sumo Squat, and what are the key indicators?"
121,"Can the Sumo Squat be modified to make it easier or more challenging, and if so, how can I do that?"
121,"What are the primary muscle groups being activated during the Sumo Squat, and how do they contribute to the exercise's effectiveness?"
121,"What are some common mistakes to avoid when performing the Sumo Squat, and how can I correct them to get the most out of the exercise?"
122,How far apart should I place my feet when standing on the resistance band for this Resistance Band Squat exercise?
122,"What should I hold at shoulder height in the Resistance Band Squat, the band or my hands?"
122,"Can I use this exercise to target my Hamstrings only, or do I need to engage my other leg muscles too?"
122,Do I have to come up to the starting position or can I stop mid-squat if I'm feeling fatigued?
122,"Can I perform a sumo squat variation with this Resistance Band Squat, and what are the adjustments I would need to make?"
123,How do I stand on one leg during the One-Legged Squat?
123,What if I find it hard to lower my hips to parallel to the floor?
123,Is it acceptable to bend my back during the exercise?
123,Can I alternate legs during the set or do I have to do the same leg for all reps?
123,What if I feel my quadriceps are dominant and my hamstrings are not being engaged?
124,How do I properly grip the barbell during a landmine row?
124,What is the recommended stance for a landmine row to target my latissimus dorsi effectively?
124,"Can I use one arm or both arms for a landmine row, and what are the benefits of each?"
124,"What are some common mistakes to avoid when performing a landmine row, and how can I correct them?"
124,How many sets and reps should I aim for in a landmine row workout to see noticeable gains in my biceps and lats?
125,How do I properly engage my core muscles during the Superman Exercise?
125,Are there any specific ways to align my body to avoid strain on my lower back?
125,"What are the most effective tips to lift my arms, chest, and legs simultaneously?"
125,Can I modify the exercise to make it less challenging or more intense?
125,Is it okay to hold the elevated position for a shorter or longer duration depending on my fitness level?
126,What is the correct form to lower the dumbbells out to the sides of my chest in the Dumbbell Flyes exercise?
126,How many reps and sets of Dumbbell Flyes should I aim to do for a beginner's workout?
126,Can I do Dumbbell Flyes with lightweight dumbbells if I'm just starting out with this exercise?
126,How do I adjust my grip on the dumbbells to target my chest muscles correctly?
126,Are there any variations of Dumbbell Flyes that I can try if I get bored with the traditional form?
127,How do I maintain proper posture while performing the Reverse Fly exercise?
127,Should I focus on using the dumbbells on both sides of my body equally during the exercise?
127,Can I adjust the height of the dumbbells to suit my body type and comfort level?
127,Will doing Reverse Fly exercises help me improve my posture outside of the gym?
127,Are there any variations of the Reverse Fly exercise that can target different muscle groups?
128,"How do I attach the ankle strap to the low cable pulley for Cable Kickbacks, and what should I keep in mind while doing so to avoid any discomfort or injury?"
128,"Can I adjust the cable machine settings for Cable Kickbacks to target more or less of the glutes and hamstrings, and how would I do it?"
128,"At what intensity level should I perform Cable Kickbacks to effectively engage the glutes and hamstrings, and how would you recommend I increase the intensity if needed?"
128,"Should I hold the ankle strap strap securely or loosely while performing Cable Kickbacks, and what might happen if I hold it too tightly or too loosely?"
128,"Are there any common mistakes I should watch out for while performing Cable Kickbacks, and how can I correct them to ensure proper form?"
129,How do I hold the kettlebell for a Kettlebell Push Press to ensure I target my Deltoids and Triceps effectively?
129,Can I do Kettlebell Push Press with my eyes closed or am I supposed to keep my eyes focused on the kettlebell the whole time?
129,What is the ideal duration of the pause between lowering the kettlebell back down and starting another rep?
129,Should I focus more on using my legs or my upper body to generate power for the push press action?
129,What are some common mistakes people make when performing the Kettlebell Push Press and how can I avoid them?
130,Can I modify the Dead Bug exercise to make it easier if I have lower back issues?
130,I'm having trouble keeping my back flat when lowering my arm and leg - what's the key to maintaining proper form?
130,Can I use resistance bands or other equipment to add an extra challenge to the Dead Bug exercise?
130,What happens if I let my hips lift off the ground when I'm holding the exercise - will it still engage my core effectively?
130,Is it better to focus on speed or control when lowering my arm and leg during the Dead Bug exercise?
131,How should I stand under the bar of the Smith machine to ensure proper form during a Smith Machine Squat?
131,Are my thighs supposed to be parallel to the floor during the squat or slightly above/below?
131,What is the best way to push back up after squatting down to avoid injury?
131,Can I target my Glutes and Hamstrings more if I adjust the position of my foot during the exercise?
131,Is it better to keep my back straight or slightly arched throughout the entire squat movement?
132,How do I properly align my hips on the hyperextension bench for a safe and effective Reverse Hyperextension?
132,What is the optimal range of motion for lifting my legs towards the ceiling in this exercise?
132,Can I use weights or resistance bands to increase the difficulty of Reverse Hyperextension?
132,Should I focus on slow and controlled movements or quick reps when doing Reverse Hyperextensions?
132,Is it better to do Reverse Hyperextensions with my legs straight or slightly bent?
133,How do I properly hold the end of the barbell in the landmine attachment for the Landmine Twist exercise?
133,What is the correct way to rotate the bar side to side while performing the exercise?
133,Can I adjust the weight of the barbell to increase the difficulty of the Landmine Twist?
133,How do I engage my core muscles while performing the Twist to get the maximum benefit?
133,Is it better to start with lighter weights and focus on proper form or to use heavier weights and risk poor form during the Landmine Twist?
134,How do I properly position my feet on the machine to ensure a safe and effective row?
134,What is the best way to engage my latissimus dorsi muscle during this exercise?
134,Can I adjust the resistance on the machine or is it fixed?
134,What should I focus on while pulling the handles towards my torso - just my biceps or a combination of both?
134,Is it recommended to take a break after a certain number of reps or should I try to complete a set without stopping?
135,How do I adjust the platform of the calf raise machine to ensure I'm using the correct starting position?
135,Is it possible to perform seated calf raise with a resistance band instead of a machine?
135,What is the optimal height to raise my heels when performing seated calf raise?
135,Will seated calf raise improve the overall strength of my ankles?
135,Can I do seated calf raise as part of a workout with different exercises targeting different muscle groups?
136,What is the proper grip for holding the kettlebell in the Kettlebell Windmill exercise?
136,Should I start with my dominant or non-dominant arm when holding the kettlebell overhead?
136,How do I ensure I'm properly bending at the waist and not just twisting my torso?
136,What muscles are primarily engaged during the Kettlebell Windmill exercise?
136,How do I modify the Kettlebell Windmill if I'm struggling to reach the ground with my other hand?
137,How should I adjust the incline of the bench to target my upper chest?
137,What should be my grip on the barbell to ensure I'm engaging my triceps effectively?
137,What is the recommended depth for lowering the barbell during this exercise?
137,Can I modify the Incline Barbell Bench Press to focus on a different muscle group?
137,How can I modify my form to avoid straining my shoulders during the lift?
138,What is the recommended weight for the Kettlebell Goblet Squat exercise?
138,How should I hold the Kettlebell during the exercise to avoid dropping it?
138,What is the primary muscle group target for the Kettlebell Goblet Squat exercise?
138,Are there any specific precautions I should take when doing this exercise?
138,How many reps should I aim for in a single set of Kettlebell Goblet Squats?
139,What is the appropriate stance to hold the dumbbells in Dumbbell Thrusters?
139,Can I adjust the weight of the dumbbells to suit my fitness level?
139,Is it recommended to focus on quick and powerful movements during the squat and press portions?
139,How do I ensure I'm engaging my quadriceps and glutes equally during the exercise?
139,Are there any adjustments I can make to the exercise to target my shoulders more effectively?
140,How do I properly position myself on the leg curl machine for maximum effectiveness?
140,What is the optimal grip to hold onto the pad to avoid straining my hamstrings?
140,Can I turn my body towards the pad while curling it towards my glutes or do I need to maintain a straight line from head to heels?
140,Are there any specific muscle groups I should focus on engaging while performing this exercise?
140,How do I increase the difficulty of this exercise if I find it too easy or plateau?
141,What is the ideal grip I should have with the dumbbells for the Dumbbell Hammer Curl exercise?
141,How do I ensure I am targeting the biceps effectively during this exercise?
141,Are there any specific foot positions I should maintain while performing the Dumbbell Hammer Curl?
141,Can I use both arms simultaneously or should I alternate between them?
141,Is there a specific rep range or set threshold recommended for this exercise?
142,"What's the ideal grip position for the barbell in Landmine Squat Press?,"
142,How do I ensure proper form while squatting in this exercise?
142,Can I adjust my foot position to focus on different muscle groups during Landmine Squat Press?
142,What's the most effective way to engage my glutes during this exercise?
142,How do I control the barbell's descent when performing the squat press part?
143,What muscles are primarily worked during the Zottman Curl exercise?
143,How do I hold the dumbbells during the exercise?
143,Can I use different grip widths for the Zottman Curl?
143,Should I focus on slow and controlled movements for the Zottman Curl?
143,Can I perform the Zottman Curl with light weights for a high-repetition set?
144,How do I properly position myself in front of the cable machine for the Cable Crunch exercise?
144,Can I modify the exercise by adjusting the cable length or my body angle?
144,Are there any specific exercises I should do before the Cable Crunch to warm up my core?
144,What are the potential risks or injuries I should be aware of when performing this exercise?
144,"Can I do Cable Crunches with my feet on different surfaces, such as a mat or the edge of the machine?"
145,What is the starting position for the Stability Ball Pike exercise?
145,Can I use my hands or feet for support during the exercise?
145,How do I adjust the stability ball for my feet during the exercise?
145,Are there any alternatives to piking my hips towards the ceiling?
145,What is the focus of engaging the Rectus Abdominis and Hip Flexors muscles during this exercise?
146,What is the primary muscle group activated by performing a Standing Calf Raise?
146,What type of equipment do I need to perform a Standing Calf Raise?
146,How high should I raise my heels during a Standing Calf Raise?
146,Can I do a Standing Calf Raise at home without going to the gym?
146,What specific body part is targeted by a Standing Calf Raise exercise?
147,How do I position myself for the Cable Kickback exercise?
147,What is the starting position for the Cable Kickback exercise?
147,How do I ensure I'm targeting my Triceps with the Cable Kickback?
147,Can I modify the Cable Kickback to make it easier or more challenging?
147,What's the correct arm extension for the Cable Kickback?
148,What is the starting position for Spider Push-Ups?
148,Which body parts are engaged during this exercise?
148,How do I modify Spider Push-Ups to make them easier?
148,What is the primary muscle group targeted by Spider Push-Ups?
148,"Can I perform Spider Push-Ups without lunging, just focusing on the push-up movement?"
149,What is the proper way to anchor the resistance band for this exercise?
149,"How do I ensure I'm targeting the correct muscle groups, specifically the pectorals, while performing this exercise?"
149,Can I use a different grip on the handles to change the angle of the press?
149,Are there any modifications or alternatives if I find the full extension of my arms challenging?
149,How often and how many sets/reps should I do for this exercise to achieve the best results?
150,What is the primary muscle group activated by this exercise?
150,How do I properly position my other hand and knee while performing this exercise?
150,Can I modify this exercise to make it more or less challenging?
150,Is it recommended to control the weight or use a fast tempo while performing this exercise?
150,"Are there any alternatives to using a dumbbell for this exercise, such as a resistance band or barbell?"
151,How should I adjust the incline of the bench to target my upper chest muscles?
151,Can I do this exercise with a weight that's heavier than usual because it's an incline chest press?
151,"Are my triceps activated because of the dumbbell movement, or are they assisting with the chest press?"
151,Do I need to focus on squeezing my pectorals at the top of the movement to target the correct muscle?
151,Should I pause for a moment at the top of the press to ensure I'm engaging my chest muscles properly?
152,How do I properly position myself on the Preacher Curl machine to avoid straining my back?
152,Can I adjust the machine to work different parts of my biceps?
152,Are there any specific techniques or cues I should focus on when curling the weight towards my shoulders?
152,"Is it better to lift the weight slowly and control the descent, or to lift it quickly and then slowly lower it?"
152,How many sets and reps of the Machine Preacher Curl exercise should I aim for in a workout to see significant gains in my bicep development?
153,How do I properly hang from the pull-up bar for Hanging Knee Raises?
153,What is the correct body position for tucking my knees towards my chest?
153,Are there any specific requirements for my knee position during the exercise?
153,Can I modify the exercise to make it easier if I'm struggling with my core strength?
153,How many sets and reps should I aim to complete for a good workout with Hanging Knee Raises?
154,What is the best way to adjust my grip when performing the Decline Dumbbell Press to ensure proper form?
154,How can I adjust the incline of the decline bench to target different parts of my pectorals?
154,"Can I use adjustable dumbbells for this exercise, and if so, what weight range is suitable?"
154,"Is it recommended to alternate the dumbbells with each rep to target each arm equally, or can I use one arm at a time?"
154,Are there any specific breathing techniques I should use during the exercise to get the most out of my chest and triceps?
155,How do I start in the correct position for the Glute Kickback exercise?
155,Can I use my other leg to help stabilize during the exercise?
155,Do I need to lift my foot off the ground or can I keep it hovering?
155,What is the ideal number of repetitions and sets for this exercise?
155,Is it safe to do this exercise if I have lower back issues?
156,How do I properly position my feet on the floor for this exercise?
156,Can I adjust the handles of the machine to fit my body size?
156,Will my triceps still get a good workout if I only focus on extending my arms?
156,Is it normal to feel strain in my deltoids after completing this exercise?
156,Should I pause for a moment at the top of the movement when pressing the handles forward?
157,"How do I properly engage my quadriceps during the Single-Leg Squat, and what specific muscles are I targeting with this exercise?"
157,"Can I adjust my foot positioning on the ground during the Single-Leg Squat to make it easier or harder, and what differences would that have on my glute engagement?"
157,"What is the optimal height for the extended leg during the Single-Leg Squat, and how will varying leg heights affect the overall exercise?"
157,"Is there a specific way to engage my core during the Single-Leg Squat, and how does this impact the hamstrings' involvement in the exercise?"
157,"Can I modify the Single-Leg Squat to make it a bilateral exercise, and if so, what would be the benefits and drawbacks of this modification?"
158,What is the correct starting position for the Push-Up to Row exercise?
158,How do I perform the rowing motion with the dumbbells?
158,Can I adjust the weight of the dumbbells to suit my fitness level?
158,Are there any modifications I can make if I find the exercise too challenging?
158,Can I do more than one set of the Push-Up to Row exercise at a time?
159,"What is the proper stance for the Smith Machine Row exercise, as per the instructions provided?"
159,How can I ensure that I am engaging my Latissimus Dorsi muscle group correctly during this exercise?
159,Should I keep my feet closer together or shoulder-width apart when performing the Smith Machine Row?
159,"How do I bend forward at the hips during the exercise, and what benefits does this technique provide?"
159,What are some modifications or alternatives to the Smith Machine Row that I can try if I'm finding it too challenging or have limited mobility?
160,What is the correct starting position for the Lat Pullover exercise?
160,How do I reduce the strain on my pectorals during the exercise?
160,Can I use dumbbells of any weight for this exercise?
160,Will doing Lat Pulldowns have the same effect on my upper body as doing Lat Pullovers?
160,"Is it possible to perform this exercise without a bench, or should I get a bench for this exercise?"
161,What is the specific form I should maintain when pressing the bar overhead?
161,How can I ensure the weight is evenly distributed under the Smith machine bar?
161,Are there any specific muscle groups I should focus on engaging for effective deltoid and triceps activation?
161,"Can I modify this exercise to target my entire back, including latissimus dorsi and trapezius?"
161,Is there a recommended range of repetitions for the Smith machine shoulder press to achieve a well-rounded upper body workout?
162,What is the ideal grip position for the cable woodchopper exercise?
162,Are there any specific foot or body positioning tips for the cable woodchopper?
162,Which set of muscles is the primary target for this exercise?
162,How does the cable woodchopper exercise compare to the traditional plank twist exercise?
162,Can the cable woodchopper be modified for a beginner level or for a more advanced workout?
163,How do I properly sit on the back extension machine to target my lower back and glutes?
163,What is the correct form to maintain while performing the machine back extension exercise?
163,Can I adjust the machine to a higher or lower setting to suit my fitness level?
163,How many repetitions and sets should I aim to do for a effective lower back workout?
163,Are there any variations or alternatives to the machine back extension exercise that I can try to avoid plateaus?
164,How do I ensure proper form while performing the Prone Leg Curl to fully engage my Hamstrings?
164,Can I adjust the machine to accommodate my leg length and personal comfort level for this exercise?
164,What is the optimal number of sets and repetitions for the Prone Leg Curl to effectively target the Hamstrings?
164,Can I use a slower tempo or pause at the peak of the curl to increase the intensity of this exercise?
164,How do I transition from the curl to the starting position without sacrificing control and maintaining proper form?
165,How do I properly position the dumbbells at shoulder height during a seated dumbbell press?
165,What muscle groups do I primarily engage when performing the seated dumbbell press?
165,How do I ensure the weights are overhead and my arms are fully extended during the press?
165,Are the deltoids and triceps equally activated during a seated dumbbell press?
165,Can I adjust the weight of the dumbbells based on my fitness level or goals for this exercise?
166,How should I place the weight plate on my back to avoid discomfort or injury during the weighted plank exercise?
166,What is the correct position of my shoulders and arms to maintain proper form and engage the targeted muscle groups?
166,"Can I modify the exercise to make it more challenging or easier, and how would I do that?"
166,How long should I hold the weighted plank position to achieve optimal results and prevent fatigue?
166,What are some potential modifications or alternatives to the weighted plank exercise if I have core-related issues or concerns?
167,What is the ideal step frequency I should aim for on the Step Mill to target my quads effectively?
167,How can I adjust my step height to engage my glutes more during this exercise?
167,What is the maximum recommended step height on the Step Mill for a safe and effective workout?
167,Are there any specific foot placement tips I should follow to avoid straining my calves while using the Step Mill?
167,Is it possible to incorporate isometric holds on the Step Mill to target my hamstrings and glutes simultaneously?
168,What is the best way to attach the resistance band to a sturdy anchor for the Standing Resistance Band Row exercise?
168,How can I ensure my elbows are close to my body for maximum effectiveness during this exercise?
168,Can I adjust the tension of the resistance band during the exercise if I find it too difficult?
168,"Are there any specific muscle groups I should focus on contracting for this exercise, besides the Latissimus Dorsi and Biceps?"
168,Is it possible to modify this exercise to make it easier for beginners or those with limited strength?
169,What is the best way to hold the dumbbells for a dumbbell lunge?
169,How do I ensure I'm targeting the quadriceps muscle effectively?
169,Can I use different weights for each dumbbell for this exercise?
169,How many repetitions of the dumbbell lunge is recommended for a effective workout?
169,Are there any modifications for individuals with knee issues I can do for this exercise?
170,Can I perform Reverse Curl with lighter weights if I'm a beginner?
170,How do I ensure I'm engaging my biceps effectively during the curling motion?
170,"Can I hold the dumbbells in an underhand grip for this exercise, or is overhand the only way?"
170,Are there any specific foot positions that would help me maintain balance during the exercise?
170,"Can I do Reverse Curl with one arm at a time, or should I alternate arms with each rep?"
171,How do I position my knees when looping the resistance band around the pull-up bar for a Banded Pull-Up?
171,What is the proper form to follow to ensure I'm engaging the Latissimus Dorsi and Biceps muscles effectively during a Banded Pull-Up?
171,Should I use the same grip for a Banded Pull-Up as I would for a traditional pull-up?
171,How high do I need to pull my body to complete a successfully completed Banded Pull-Up?
171,Are there any variations or modifications I can do with the Banded Pull-Up to challenge myself or accommodate different fitness levels?
172,How do I properly attach the rope handle to the high cable pulley for the Cable Face Pull exercise?
172,Can I adjust the cable pulley height to target my Trapezius muscle more during this exercise?
172,Should I focus on squeezing my rear deltoids when pulling the handle towards my face?
172,What are some common mistakes to avoid during the Cable Face Pull exercise to prevent injury or ineffective workout?
172,How can I modify this exercise to also engage my Rhomboids and Trapezius muscle groups simultaneously?
173,Can I modify the Turkish Get-Up if I have lower back pain?
173,Are my shoulders getting enough work in this exercise given the kettlebell's position?
173,What specific part of my core muscles is the Turkish Get-Up targeting?
173,"Is it safe to use a lighter kettlebell for the Turkish Get-Up, or will it make the exercise too easy?"
173,"Should I focus on quick transitions between lying down and standing up, or prioritize maintaining control throughout the exercise?"
174,How do I properly hold the medicine ball for a weighted Russian twist?
174,What is the correct orientation of my torso during the twist?
174,"Should I twist my legs along with my torso, or keep them still?"
174,"Can I use any weight on the medicine ball, or is there a recommended range?"
174,How many reps should I aim to do for an effective core workout?
175,What is the correct starting position for the Cable Front Raise exercise?
175,How do I adjust the cable machine to perform a proper Cable Front Raise?
175,Can I do Cable Front Raise with my non-dominant arm?
175,What is the target muscle group I'm engaging when performing Cable Front Raise?
175,Is it important to keep my arm parallel to the floor during Cable Front Raise?
176,How do I ensure I'm using my core muscles effectively during the Reverse Crunch exercise?
176,What are the benefits of targeting my Hip Flexors with this exercise?
176,Can I perform the Reverse Crunch with a modified version if I have lower back issues?
176,How often should I incorporate the Reverse Crunch into my strength training routine?
176,What are the maximum reps and sets I should aim for in a single session of Reverse Crunch?
177,How do I properly extend my arm in a Cable Tricep Kickback exercise?
177,What should I focus on while performing this exercise to target my Triceps effectively?
177,Should I use a specific grip or stance while performing this exercise?
177,Can I modify this exercise if I'm new to working out?
177,How many sets and reps should I aim for when doing a Cable Tricep Kickback exercise?
178,How should I adjust the bench to achieve the correct position for my top leg?
178,What are the benefits of engaging my adductors during the Copenhagen Plank?
178,"Is it necessary to hold this plank position for the entire recommended time, or can I break it up into shorter intervals?"
178,"Can I do the Copenhagen Plank on both sides, or is it better to alternate sides each time?"
178,Are there any modifications I can make if I find this exercise too challenging for my core strength?
179,How can I ensure proper form when performing the incline press on the Smith machine to avoid straining my upper body?
179,What are the correct positions I should take when lying on the incline bench and when holding the Smith machine bar?
179,"Can you describe a variation of this exercise that I can do if I want to target a specific muscle group, such as the pectoralis major?"
179,What are the benefits of using an incline angle on the Smith machine compared to a flat bench press?
179,"How can I progress this exercise and increase its difficulty as I get stronger, and what are the benefits of doing so?"
180,How do I sit correctly at the lat pulldown machine to ensure I'm targeting my latissimus dorsi muscles?
180,What is the ideal grip width for a wide grip on the cable lat pulldown?
180,Can you demonstrate the correct movement of pulling the bar down to my chest?
180,"Will doing cable lat pulldowns also engage my biceps, other than just my back muscles?"
180,"Is it better to do cable lat pulldowns standing up or sitting down, and why?"
181,How should I align my body when performing the Cable Side Lunge to get the most out of the exercise?
181,"What is the primary muscle group targeted by this exercise, and how will it benefit my overall lower body strength?"
181,Can I adjust the cable handle's position to make the exercise more challenging or accommodating to my fitness level?
181,"Do I need to use my arms to assist with the movement of the cable, or should I focus on using my legs and glutes for the exercise?"
181,"Are there any common mistakes I should be mindful of when performing the Cable Side Lunge, and how can I correct them?"
182,How do I correctly bend forward at my hips to perform the Dumbbell Bent-Over Row without putting strain on my lower back?
182,What is the optimal range of motion for rowing the dumbbells towards my torso?
182,"Are my shoulders and upper back muscles supposed to assist in the movement, or should I isolate the Latissimus Dorsi and Biceps?"
182,"Can I perform this exercise with lighter weights and more reps for a higher volume workout, or is it more effective for strength gains with heavier weights and fewer reps?"
182,"How do I maintain proper form and avoid lifting the dumbbells with my lower body, instead sticking to using my upper body to perform the movement?"
183,"How should I position my legs when doing a Lateral Lunge, and should I keep my back straight?"
183,"What is the primary function of the Lateral Lunge exercise, and are there any substitute exercises if I'm able-bodied?"
183,Can I modify the Lateral Lunge to make it more challenging or less challenging?
183,"What is the optimal pace at which I should perform the Lateral Lunge exercise, and can I pause or stop if I feel pain?"
183,"What kind of benefits can I expect to gain from doing Lateral Lunges regularly, and are there any potential drawbacks if I have a history of knee issues?"
184,What are the muscles activated by the Seated Machine Row exercise?
184,How do I maintain a proper form when performing the Seated Machine Row?
184,Is the Seated Machine Row suitable for beginners?
184,Can I target my Latissimus Dorsi muscles only by adjusting the exercise?
184,Are there any specific cues I should focus on while pulling the handles towards my torso?
185,How do I ensure I'm using the correct form when doing decline Russian twists to avoid straining my obliques?
185,"Can I increase the intensity of this exercise by adding weight or resistance bands, or is it sufficient to rely on my own body weight?"
185,"What are the main muscle groups being engaged during the decline Russian twist, and how can I focus on engaging each one effectively?"
185,"Is it necessary to twist my torso all the way down to the floor, or can I stop at a certain angle and still get a good workout?"
185,"How often should I do decline Russian twists to see improvements in my core strength and definition, and can I alternate between this exercise and other core exercises for variety?"
186,How do I properly lift the barbell from the ground during a Deadlift High Pull?
186,"What is the focus of the pulling motion in this exercise, is it more on the shoulders or the glutes?"
186,Should I aim to pull the barbell up to my chest or just past my hips?
186,Are there any specific considerations I should keep in mind when deadlifting with a heavy weight?
186,How do I avoid putting too much strain on my lower back during this exercise?
187,What is the primary muscle group targeted in the Reverse Grip Lat Pulldown exercise?
187,Can I modify the Reverse Grip Lat Pulldown exercise to work my triceps as well?
187,How do I properly grip the bar for the Reverse Grip Lat Pulldown exercise?
187,Can I do the Reverse Grip Lat Pulldown exercise with a regular grip instead of a reverse grip?
187,Do I need to adjust the position of the cable machine to perform the Reverse Grip Lat Pulldown exercise correctly?
188,How do I properly attach the handle to the low pulley for this exercise?
188,What is the ideal stance and foot position when doing a side lunge with the cable machine?
188,Are there any specific muscles I should focus on while performing this exercise to get the most out of it?
188,How far should I step out into the side lunge to effectively engage my quadriceps and glutes?
188,Is there a specific tempo or speed at which I should move my legs during this exercise?
189,How do I properly set up the downward dog position for a Pike Push-Up?
189,What body part am I primarily targeting during this exercise?
189,Is the Pike Push-Up a compound exercise that works multiple muscle groups?
189,Can I do Pike Push-Ups on a daily basis without resting my muscles?
189,Are there any specific precautions I should take when doing Pike Push-Ups to avoid injury?
190,"What is the correct starting position for the One-Arm Dumbbell Snatch exercise, specifically where should I place the dumbbell?"
190,How do I ensure explosive movement when pulling the dumbbell up and overhead?
190,Should I prioritize using one arm or alternating arms with this exercise?
190,Can I modify the exercise to reduce the intensity or make it more challenging?
190,Are there specific cues I should focus on for proper form and engagement of the glutes and shoulders?
191,How should I attach the rope handle to the low pulley for the Cable Front Squat?
191,Can I adjust the height of the cable machine for this exercise?
191,"Are my quadriceps, glutes, and hamstrings the only muscle groups activated during this exercise?"
191,Should I keep the rope at chest height during the entire squat movement?
191,How do I know if I'm executing the squat portion of the Cable Front Squat correctly?
192,How do I properly squat down to grab the edge of the tire without straining my lower back?
192,What's the correct way to lift the tire to avoid throwing out my back or shoulders?
192,Are there any specific tire sizes or weights that are recommended for this exercise?
192,"Can I do this exercise with a tire of a different size or material, or should I only use the traditional tire?"
192,"Is there a specific way to flip the tire forward, or can I flip it in any direction?"
193,What is the proper stance for performing the Smith Machine Calf Raise exercise?
193,How high should I raise my heels during the Smith Machine Calf Raise exercise?
193,Is it acceptable to lean back during the Smith Machine Calf Raise exercise?
193,Can I do Smith Machine Calf Raise with my eyes closed safely?
193,Should I hold the weight at the top of the exercise or slowly lower it back down?
194,Can I use a chair instead of a box for this exercise?
194,How far should I stand away from the box for proper form?
194,Should I do the pistol squat to box exercise on both legs or just alternate?
194,Are there any specific footwork or ankle movements I should pay attention to during this exercise?
194,"Is it okay if I don't lower my body all the way down to the box, or should I aim to touch my glutes to the surface?"
195,Can I modify the Standing Chest Fly to make it easier on my shoulders?
195,How do I ensure I'm keeping my arms straight during the Standing Chest Fly?
195,Is it okay to use a slower tempo when doing the Standing Chest Fly?
195,Do I need to focus on squeezing my chest muscles during the Standing Chest Fly?
195,Can I use a variation of the Standing Chest Fly that targets different muscle groups?
196,What muscles are engaged when I perform Sled Drag? Can you elaborate on the muscle groups activated?
196,How do I adjust my gait and posture to ensure effective Sled Drag?
196,Can I use Sled Drag as a cardio exercise or is it mainly targeted towards strength gain?
196,What surface is recommended for Sled Drag and can I use trails or uphill?
196,Are there any variations or advanced techniques I can apply to challenge myself with Sled Drag? Should I try different speeds?
197,How do I properly grip the handle for a Cable Hammer Curl to target my biceps?
197,"Can I use this exercise to tone my forearms as well, or is it mainly for biceps?"
197,What is the correct stance to take while performing the Cable Hammer Curl with a cable machine?
197,Are there any specific weaknesses or imbalances in my upper body that this exercise can help improve?
197,Can I adjust the cable machine settings to make the exercise more challenging and encourage muscle growth?
198,What is the most effective way to position myself while facing away from the cable machine for the Cable Tricep Overhead Extension exercise?
198,How do I ensure I'm using the correct grip while performing the extension? Should my hands be supinated or pronated?
198,Is it better to use a slower and controlled tempo or a faster and more explosive tempo while extending my arms?
198,What is the optimal tension I should aim for in the cable resistance during the exercise?
198,"Can I incorporate varying arm angles during the exercise to target different parts of my triceps? If so, how do I adjust my form?"
199,How do I adjust the cable machine for proper form during a Seated Cable Row?
199,What is the focal point of the contraction for the Latissimus Dorsi muscle group during this exercise?
199,Should I engage my biceps during the entire range of motion in a Seated Cable Row?
199,Can I modify this exercise to target other muscle groups besides the Latissimus Dorsi and biceps?
199,How many sets and reps should I do for a Seated Cable Row to see significant gains in strength?
200,How do I ensure proper form while lowering the dumbbells towards my head during Lying Dumbbell Tricep Extension?
200,"What is the recommended range of reps and sets for this exercise, given its focus on strengthening the triceps?"
200,"Can I use lighter or heavier dumbbells for this exercise, and are there any specific advantages to one over the other?"
200,How do I adjust my grip on the dumbbells to ensure I'm targeting the triceps effectively?
200,"What are some common mistakes to avoid during Lying Dumbbell Tricep Extension, and how can I correct them?"
201,What is the correct way to hang the weight from my waist for a Weighted Pull-Up?
201,Are dumbbells the only type of equipment suitable for this exercise?
201,Will this exercise primarily work my latissimus dorsi muscles or biceps?
201,Can I perform Weighted Pull-Ups with my eyes closed or should I keep them open?
201,How can I modify the exercise if I'm unable to perform a full pull-up?
202,How do I adjust the incline of the bench for optimal Incline Dumbbell Row?
202,Can I use a different type of grip for Incline Dumbbell Row?
202,What are the primary muscle groups targeted by Incline Dumbbell Row?
202,How can I modify Incline Dumbbell Row to target my back instead of my arms?
202,Should I start with heavy or light dumbbells for my first Incline Dumbbell Row exercise?
203,What are the correct grip settings for the lat pulldown exercise?
203,Can I adjust the weight on the lat pulldown machine if I find it too easy?
203,How many sets and reps of the lat pulldown exercise should I do for a good workout?
203,Are there any variations of the lat pulldown exercise that I can try to target my back muscles more effectively?
203,Should I focus on slow and controlled movements or quick and explosive movements during the lat pulldown exercise?
204,Is it recommended to start with both arms or alternate between one arm and the other during this one-arm cable row exercise?
204,What is the best way to maintain proper form and prevent strain on my shoulders while doing one-arm cable rows?
204,"Can I adjust the cable machine to make the exercise more challenging or easier, and if so, how?"
204,Should I focus more on slow and controlled movements or quick and explosive ones during this exercise?
204,Are there any modifications or variations of the one-arm cable row that I can do to target other muscle groups or reduce wear and tear on my joints?
205,How should I properly attach the rope handle to the high cable pulley for the Face Pull exercise?
205,What is the correct posture to maintain while performing the Face Pull exercise?
205,"How do I ensure that I'm using the correct muscle groups for the Rear Deltoids, Trapezius, and Rhomboids during the exercise?"
205,"Can I use this exercise to improve my overall upper body strength besides just the Rear Deltoids, Trapezius, and Rhomboids?"
205,Are there any variations of the Face Pull exercise that I can try to change up my workout routine and avoid plateaus?
206,How do I properly position the dumbbells when lying on the bench?
206,Can I do this exercise with my feet flat on the floor or do I need to use a bench with a back? 
206,Should I release the dumbbells back to the starting position immediately after lifting or take a moment to pause at the top?
206,Are there any variations of this exercise that target different parts of the pectorals?
206,Is it better to focus on lifting the dumbbells up and together quickly or with a slower controlled movement?
